state,district,dfsi,pct_flooded_area_corrected,fatalities,injured,population,mean_flood_duration_days,ifi_events_1967_2023,ifi_events_2000_2023,join_note
ANDAMAN & NICOBAR,Nicobars,4.664727108280096,0.090612489,0,0,27340,,0,0,
ANDAMAN & NICOBAR,North  & Middle Andaman,7.4625747398678905,1.3148171,0,0,101677,1,0,0,
ANDAMAN & NICOBAR,South Andaman,8.360463034157858,1.443452407,1,0,257900,2,0,0,
ANDHRA PRADESH,Anantapur,15.320255724757601,0.482623643,118,1,4537583,10,0,0,
ANDHRA PRADESH,Chittoor,14.968531993958035,0.504525197,124,0,4580686,8,19,7,
ANDHRA PRADESH,East Godavari,17.021823993758144,3.702696517,222,1,5569277,9,39,18,
ANDHRA PRADESH,Guntur,18.83206907033492,9.242779332,188,108,5374652,8,34,15,
ANDHRA PRADESH,Krishna,15.957324083169677,0.709710375,210,1,4751934,8,37,17,
ANDHRA PRADESH,Kurnool,17.238126513748753,0.289107666,161,108,4618046,7,34,16,
ANDHRA PRADESH,Prakasam,15.737687231974204,0.87865931,177,0,3731704,8,33,13,
ANDHRA PRADESH,Sri Potti Sriramulu Nell*,15.305835568857868,0.688735282,175,0,3285473,6,0,0,
ANDHRA PRADESH,Srikakulam,15.261049338054017,3.446704127,144,0,2726592,6,21,9,
ANDHRA PRADESH,Visakhapatnam,17.206748814948707,0.735914807,106,115,4885485,10,26,13,
ANDHRA PRADESH,Vizianagaram,15.961001525134424,0.790001986,63,107,2443656,9,17,7,
ANDHRA PRADESH,West Godavari,16.38794981720737,3.539250333,232,0,4167944,8,40,19,
ANDHRA PRADESH,Y.S.R.,14.315856218355389,0.045955578,144,1,3162142,9,22,10,
ARUNACHAL PRADESH,Anjaw,10.331746414673857,1.347748917,5,1,24066,5,21,8,
ARUNACHAL PRADESH,Changlang,11.251637398872711,2.517227647,4,1,183018,5,23,9,
ARUNACHAL PRADESH,East Kameng,7.516648699454786,1.326925325,0,0,87734,2,23,6,
ARUNACHAL PRADESH,East Siang,13.92916281791021,2.560087006,13,668,86959,6,23,7,
ARUNACHAL PRADESH,Kamle,9.357481439682793,1.835951782,3,1,25202,5,18,5,
ARUNACHAL PRADESH,Kra Daadi,11.01656951844341,1.837849659,7,2,93220,5,22,9,
ARUNACHAL PRADESH,Kurung Kumey,11.510044988050431,0.555974167,17,3,77223,4,25,12,
ARUNACHAL PRADESH,Lepa Rada,8.713845097816714,0.870628148,3,1,22468,5,15,2,
ARUNACHAL PRADESH,Lohit,11.565889287647884,2.147551477,14,1,51927,6,38,13,
ARUNACHAL PRADESH,Longding,9.380106398863669,0.638916752,4,1,60400,5,20,7,
ARUNACHAL PRADESH,Lower Dibang Valley,10.435148428163515,1.397900013,5,1,59491,4,23,10,
ARUNACHAL PRADESH,Lower Siang,9.609839787960246,2.171988688,4,1,19141,5,17,4,
ARUNACHAL PRADESH,Lower Subansiri,10.74706790781616,0.829376579,12,1,99671,5,1,1,
ARUNACHAL PRADESH,Namsai,10.56352688594745,3.783292115,4,1,120106,5,18,5,
ARUNACHAL PRADESH,Pakke Kessang,9.274304467085793,1.721952494,3,1,18414,5,15,2,
ARUNACHAL PRADESH,Papum Pare,13.819670181121646,0.825360946,73,9,245559,4,28,14,
ARUNACHAL PRADESH,Shi Yomi,9.096398933410187,0.679578763,4,1,12507,5,17,4,
ARUNACHAL PRADESH,Siang,10.300113768441996,2.019900267,4,1,48365,5,18,5,
ARUNACHAL PRADESH,Tawang,13.365469548955232,0.876365429,92,8,60141,6,32,13,
ARUNACHAL PRADESH,Tirap,9.475632710698273,0.629920802,4,1,69112,5,19,6,
ARUNACHAL PRADESH,Upper Dibang Valley,9.841545884430838,0.711350147,5,1,10102,5,0,0,
ARUNACHAL PRADESH,Upper Siang,14.46874306085235,2.386481463,24,671,34326,4,23,10,
ARUNACHAL PRADESH,Upper Subansiri,11.125065157677906,1.156238089,5,1,119722,7,0,0,
ARUNACHAL PRADESH,West Kameng,12.988574519395987,1.888080105,22,6,99039,4,83,32,
ARUNACHAL PRADESH,West Siang,14.206931820531816,0.620779654,52,668,48422,7,24,7,
ASSAM,Baksa,14.8521292715311,3.732064694,51,1,1258285,7,139,126,
ASSAM,Barpeta,17.072155278812332,10.48787247,159,5,1877307,9,165,129,
ASSAM,Biswanath,14.377846930502967,3.155673349,56,1,666698,10,87,74,
ASSAM,Bongaigaon,15.001631836615058,8.287953017,79,1,803266,11,89,69,
ASSAM,Cachar,18.140456924041366,9.233600225,194,33,2105643,8,154,111,
ASSAM,Charaideo,14.498483193678695,16.04309188,50,1,496227,18,38,26,
ASSAM,Chirang,14.327177071038736,2.853895807,56,1,616102,9,95,83,
ASSAM,Darrang,16.49301020590384,11.80139268,150,3,1126535,9,157,110,
ASSAM,Dhemaji,17.531994905456393,9.385547809,162,35,702202,9,202,155,
ASSAM,Dhubri,16.416419374958934,9.231447974,141,3,1376422,12,123,82,
ASSAM,Dibrugarh,18.068232702990574,11.91387334,147,47,1510242,10,155,105,
ASSAM,Dima Hasao,13.785682728615217,1.656871704,41,1,288305,8,80,68,
ASSAM,Goalpara,16.805708109763213,12.6070399,158,5,1063871,10,141,98,
ASSAM,Golaghat,16.50027274094674,11.59095462,83,5,1310870,9,132,109,
ASSAM,Hailakandi,15.767161467507034,17.33980856,73,6,765445,9,85,65,
ASSAM,Hojai,14.688703399179163,5.154656156,57,1,1112181,10,77,65,
ASSAM,Jorhat,16.78312101435033,6.654597736,205,4,1037431,13,136,88,
ASSAM,Kamrup,17.51092316732499,8.562804612,181,13,1546068,8,181,132,
ASSAM,Kamrup Metropolitan,12.092662660538267,13.18157395,7,2,1437551,1,0,0,
ASSAM,Karbi Anglong,15.362021962889797,1.843256596,66,5,693265,20,74,57,
ASSAM,Karimganj,17.19490183397846,22.52672148,116,14,1393118,11,107,75,
ASSAM,Kokrajhar,15.045468181811822,2.517160431,71,1,1311786,13,74,55,
ASSAM,Lakhimpur,18.33746571265321,14.44869666,214,39,1161342,9,215,157,
ASSAM,Majuli,13.73119882779235,8.241462489,54,1,147155,11,75,62,
ASSAM,Morigaon,15.894310472731716,13.48924998,81,3,1127394,8,0,0,
ASSAM,Nagaon,17.238952599430498,13.41948919,144,5,2348489,8,178,138,
ASSAM,Nalbari,15.551852487901126,6.588557735,130,1,978546,10,136,100,
ASSAM,Sivasagar,16.918155167420082,16.53832279,117,15,800874,12,129,78,
ASSAM,Sonitpur,16.918268535297507,5.196410326,144,8,1462078,9,161,120,
ASSAM,South Salmara Mancachar,14.088728871221644,17.21104287,39,1,533060,16,51,39,
ASSAM,Tinsukia,17.191385633985888,4.881482417,105,45,1408250,13,78,52,
ASSAM,Udalguri,14.553269515001839,3.135691777,51,2,909069,10,72,58,
ASSAM,West Karbi Anglong,13.792560401075463,3.129321309,38,1,363939,26,24,12,
BIHAR,Araria,16.139375553110227,6.399493143,162,0,3634320,23,43,20,
BIHAR,Arwal,14.60179082289652,21.67630991,85,0,591972,27,33,12,
BIHAR,Aurangabad,18.255102457499184,,,,,,36,12,flooded_area: ambiguous name; impact: ambiguous name
BIHAR,Aurangabad,18.09924752686318,,,,,,36,12,flooded_area: ambiguous name; impact: ambiguous name
BIHAR,Banka,15.16369520645247,1.685961495,120,0,2787874,26,35,12,
BIHAR,Begusarai,17.41078092869951,20.79971936,126,10,3830215,22,50,21,
BIHAR,Bhagalpur,17.604486494190635,13.72985928,161,12,3509828,20,54,22,
BIHAR,Bhojpur,15.752007841506037,5.386832738,119,0,3338604,21,50,19,
BIHAR,Buxar,15.01252575840675,5.289701443,89,0,2014287,25,37,15,
BIHAR,Darbhanga,17.744619139380248,10.05644787,207,9,4562640,18,67,29,
BIHAR,Gaya,16.047065958457697,3.470539782,122,0,5429170,23,42,15,
BIHAR,Gopalganj,16.76771702942539,5.467595215,129,10,2913408,24,48,19,
BIHAR,Jamui,14.080780697205766,0.413248775,80,0,2203798,29,31,10,
BIHAR,Jehanabad,14.842210309592142,10.27922577,87,0,1409612,27,33,12,
BIHAR,Kaimur (bhabua),14.971136972647972,2.607282647,88,0,1966164,27,34,13,
BIHAR,Katihar,17.361725993584006,11.4120932,221,2,3735857,20,65,25,
BIHAR,Khagaria,17.067464382639127,11.60726948,166,10,2060105,23,53,20,
BIHAR,Kishanganj,15.818143694114555,9.14902795,143,0,2214692,22,44,22,
BIHAR,Lakhisarai,14.989151061334136,12.08953008,89,0,1174729,25,36,15,
BIHAR,Madhepura,15.593342755837629,3.907767989,156,0,2498415,24,45,20,
BIHAR,Madhubani,17.604319048943815,3.746869093,216,10,5126077,19,67,31,
BIHAR,Munger,16.453027127776114,13.73832054,134,4,1690301,22,51,16,
BIHAR,Muzaffarpur,18.287015902561855,11.7588689,201,18,6144680,19,63,30,
BIHAR,Nalanda,16.16893638177635,17.24872994,108,0,3649192,23,44,17,
BIHAR,Nawada,16.329761098405058,1.761243108,98,23,2765346,25,38,14,
BIHAR,Pashchim Champaran,17.92933849820152,6.360902258,194,11,4925046,20,64,24,
BIHAR,Patna,19.300564104042074,18.8206194,381,30,6868950,16,71,29,
BIHAR,Purba Champaran,18.29578760114369,9.387440533,184,20,6322257,19,0,0,
BIHAR,Purnia,16.341519369758835,6.320814211,166,0,4127576,21,51,21,
BIHAR,Rohtas,15.415270144390568,3.872831529,82,0,3605080,29,33,11,
BIHAR,Saharsa,17.01851798654835,8.19729709,167,9,2422652,23,55,19,
BIHAR,Samastipur,17.76199430185416,14.37494456,152,10,5463227,21,57,23,
BIHAR,Saran,17.163889217193876,12.38481824,177,2,4674827,22,52,21,
BIHAR,Sheikhpura,13.952974381669135,3.505578685,82,0,820089,28,32,11,
BIHAR,Sheohar,14.98702657896984,9.002316572,136,1,851775,23,42,20,
BIHAR,Sitamarhi,16.54083412285714,4.619683648,196,1,4182895,20,60,25,
BIHAR,Siwan,15.941828102345882,6.60775735,133,0,3880318,23,45,19,
BIHAR,Supaul,17.111278582391943,7.348234606,162,10,2904278,22,47,25,
BIHAR,Vaishali,16.699429152017437,16.86821474,111,2,4598311,23,45,18,
CHANDIGARH,Chandigarh,8.444719669556333,0.000993771,17,13,897511,2,6,1,
CHHATTISGARH,Balod,6.814171814275378,0.024923064,0,0,961306,3,1,1,
CHHATTISGARH,Baloda Bazar,9.197380868666414,3.300403562,0,0,1681629,2,0,0,
CHHATTISGARH,Balrampur,15.715658222900661,,,,,,1,1,flooded_area: ambiguous name; impact: ambiguous name
CHHATTISGARH,Balrampur,15.237068195362083,,,,,,1,1,flooded_area: ambiguous name; impact: ambiguous name
CHHATTISGARH,Bametara,9.95595548857293,2.384020554,3,0,909116,2,0,0,
CHHATTISGARH,Bastar,13.274181260306246,1.632703879,9,38,948753,4,5,5,
CHHATTISGARH,Bijapur,15.438205824489648,1.948257182,85,20,275997,9,4,4,
CHHATTISGARH,Bilaspur,15.634530172393665,,,,,,6,6,flooded_area: ambiguous name; impact: ambiguous name
CHHATTISGARH,Bilaspur,15.010063257516089,,,,,,6,6,flooded_area: ambiguous name; impact: ambiguous name
CHHATTISGARH,Dakshin Bastar Dantewada,7.263513106542463,1.67319932,0,0,332104,,2,2,
CHHATTISGARH,Dhamtari,9.737562775263703,0.04693727,13,1,897907,1,3,3,
CHHATTISGARH,Durg,11.387358838485305,0.43075371,16,0,2010685,2,9,9,
CHHATTISGARH,Gariaband,7.285327069503,0.505735659,0,0,777859,,0,0,
CHHATTISGARH,Janjgir - Champa,10.791229865876428,1.928896826,2,2,2018726,2,5,5,
CHHATTISGARH,Jashpur,9.061379751377704,0.568829082,2,0,942821,1,1,1,
CHHATTISGARH,Kabeerdham,8.3867421635168,0.564680218,0,0,1131600,2,2,2,
CHHATTISGARH,Kondagaon,7.560307969081454,1.078482579,0,0,656011,,0,0,
CHHATTISGARH,Korba,9.450878057206763,0.310367455,1,1,1414402,2,3,3,
CHHATTISGARH,Koriya,8.59284199242208,0.478767784,1,0,763582,1,0,0,
CHHATTISGARH,Mahasamund,12.263370029207879,0.627540566,5,56,1179980,4,4,4,
CHHATTISGARH,Mungeli,10.213543018484753,1.835241434,2,4,784748,2,2,2,
CHHATTISGARH,Narayanpur,9.55376214188696,0.572471381,6,2,120311,2,2,2,
CHHATTISGARH,Raigarh,17.570758110656712,,,,,,5,4,flooded_area: ambiguous name; impact: ambiguous name
CHHATTISGARH,Raigarh,17.301913666593386,,,,,,5,4,flooded_area: ambiguous name; impact: ambiguous name
CHHATTISGARH,Raipur,14.753860810735699,0.592452074,39,66,2814996,3,19,18,
CHHATTISGARH,Rajnandgaon,13.118907039563627,0.248451395,23,14,1792617,2,10,10,
CHHATTISGARH,Sukma,7.909024380663381,1.466729973,0,0,259382,1,1,1,
CHHATTISGARH,Surajpur,7.792234030913422,1.22005953,0,0,917283,,0,0,
CHHATTISGARH,Surguja,10.750021653536365,0.200172812,12,2,971194,1,6,5,
CHHATTISGARH,Uttar Bastar Kanker,11.025433919960097,0.730199538,7,2,868469,1,0,0,
DADRA & NAGAR HAVE,Dadra & Nagar Haveli,9.82021116955276,2.969167705,10,0,618459,1,0,0,
DAMAN & DIU,Daman,5.2337505446842085,1.544538442,0,0,190125,,0,0,
DAMAN & DIU,Diu,4.269141538160504,0.819836479,0,0,67412,,0,0,
DELHI,Central,11.556032138850327,7.250541685,5,13,1667718,3,16,1,
DELHI,East,,0.1,0,0,1368632,,15,0,
DELHI,New Delhi,10.399872325032984,0.014199219,21,20,1064852,3,11,2,
DELHI,North,12.505519713351603,1.725427554,19,9,2128488,3,18,1,
DELHI,North East,9.525736278273992,1.464774777,2,7,1444919,3,16,1,
DELHI,North West,8.981260027282882,0.1,2,4,2287355,3,16,0,
DELHI,Shahdara,8.206277741519726,0.1,2,4,1645700,3,15,0,
DELHI,South,7.686692945997747,0.006747594,2,4,1636592,3,15,0,
DELHI,South East,9.482388752073582,0.629289386,2,4,1758195,3,15,0,
DELHI,South West,12.004899852874885,3.339650881,13,4,1719303,3,16,0,
DELHI,West,10.94354846228993,5.312905892,2,6,3053772,3,16,1,
GOA,North Goa,11.693340319623479,1.581879791,7,4,718288,4,18,12,
GOA,South Goa,11.689677964510519,1.79256855,2,4,857449,16,18,14,
GUJARAT,Ahmadabad,18.117122356772818,4.09983488,177,23,8738876,12,0,0,
GUJARAT,Amreli,15.68483276196048,0.09592198,224,10,1650731,18,39,25,
GUJARAT,Anand,14.750432819149474,5.403718781,42,1,2767476,22,16,13,
GUJARAT,Aravalli,13.53249300044823,0.683258715,39,1,1276998,24,0,0,
GUJARAT,Banas Kantha,15.557662783463703,0.567783602,109,2,3729629,18,23,13,
GUJARAT,Bharuch,17.568946762319865,1.820453727,233,56,1704669,14,50,28,
GUJARAT,Bhavnagar,14.866710246249184,0.019310059,225,6,2765060,14,39,23,
GUJARAT,Botad,13.385629591123912,0.877107887,38,1,737921,17,26,18,
GUJARAT,Chota Udaipur,11.771129154593742,0.112482708,22,0,1206205,16,14,11,
GUJARAT,Devbhumi Dwarka,12.768307391455854,0.024373659,59,2,898223,20,1,1,
GUJARAT,Dohad,12.50521505039512,0.129721916,25,0,2742293,25,0,0,
GUJARAT,Gandhinagar,14.150495722380777,1.279892254,49,2,1324292,25,20,16,
GUJARAT,Gir Somnath,14.319257269450073,0.247012876,62,5,1353212,20,33,25,
GUJARAT,Jamnagar,13.855960916031117,0.00210776,236,8,1509267,20,32,18,
GUJARAT,Junagadh,16.930629004549242,1.19245741,272,12,1644700,16,52,34,
GUJARAT,Kachchh,17.66899887709203,3.088679389,123,10,2654359,24,31,23,
GUJARAT,Kheda,15.780664183908018,2.845630539,102,6,2023119,15,26,16,
GUJARAT,Mahesana,14.85260955635632,0.691706976,68,3,2169424,26,21,15,
GUJARAT,Mahisagar,13.187004050682397,0.698306974,33,1,1041596,25,14,11,
GUJARAT,Morbi,13.621291329555119,0.192014618,48,2,1099951,21,25,17,
GUJARAT,Narmada,13.624414483992092,3.114996648,47,0,694589,11,25,21,
GUJARAT,Navsari,15.33375021700011,2.26353903,79,6,1457183,21,30,27,
GUJARAT,Panch Mahals,14.51254197973977,0.388326019,86,2,1953336,22,25,16,
GUJARAT,Patan,14.916492724107849,2.596395996,48,2,1464752,25,20,17,
GUJARAT,Porbandar,14.310989384830659,4.865917388,49,2,660431,12,28,19,
GUJARAT,Rajkot,18.23927454775029,0.307696507,1726,8,3534875,18,41,22,
GUJARAT,Sabar Kantha,13.935683700651056,0.326713001,91,0,1581118,16,28,16,
GUJARAT,Surat,17.686867251651705,5.334773331,215,9,8228098,11,47,28,
GUJARAT,Surendranagar,15.827202884851875,1.139615495,109,5,1806637,13,30,18,
GUJARAT,Tapi,13.096050919214967,0.099755767,45,3,952637,18,26,23,
GUJARAT,The Dangs,14.193027581514267,2.164733438,68,4,274863,24,1,1,
GUJARAT,Vadodara,15.994498844329867,3.043652457,105,3,3437852,13,37,17,
GUJARAT,Valsad,15.547421370787786,1.738920562,126,2,2077846,17,37,22,
HARYANA,Ambala,14.403936732301005,4.251029067,36,11,1296203,5,32,10,
HARYANA,Bhiwani,13.861181519056318,2.187233082,31,6,1296415,5,20,6,
HARYANA,Charki Dadri,9.619373407745462,0.852566261,2,0,545880,7,11,0,
HARYANA,Faridabad,13.063797652273237,6.911149485,14,2,2383525,7,19,4,
HARYANA,Fatehabad,12.608094599668737,9.544000142,4,6,1056284,6,15,4,
HARYANA,Gurugram,11.613218485059855,1.164893604,9,0,2517256,7,16,3,
HARYANA,Hisar,14.841568140078655,4.24034665,54,3,1943429,8,20,4,
HARYANA,Jhajjar,10.716280175248379,1.429459568,4,0,999200,7,12,1,
HARYANA,Jind,13.731396627652702,1.133905451,31,6,1489426,6,25,6,
HARYANA,Kaithal,13.45663716226992,3.116290715,30,3,1238219,6,14,1,
HARYANA,Karnal,14.130339778285856,3.348768976,27,7,1700198,6,24,6,
HARYANA,Kurukshetra,12.69188176334306,5.501219071,17,0,1080970,7,21,2,
HARYANA,Mahendragarh,9.834091081145813,0.561660955,2,0,970462,7,11,0,
HARYANA,Nuh,9.922296092954678,0.669910248,2,0,1279625,7,11,0,
HARYANA,Palwal,10.310952075785933,1.788990887,2,0,1312139,7,11,0,
HARYANA,Panchkula,11.642563713114603,0.282076231,18,6,597239,4,25,14,
HARYANA,Panipat,12.229658578335464,1.825319296,19,0,1456085,6,20,5,
HARYANA,Rewari,10.597251089448347,0.828055738,5,0,1012074,6,14,3,
HARYANA,Rohtak,13.710172868710087,0.999841319,52,5,1194736,7,20,1,
HARYANA,Sirsa,15.03133710706316,9.795019476,44,5,1511023,6,22,4,
HARYANA,Sonipat,13.321513999514549,0.905127272,22,5,1771137,6,29,9,
HARYANA,Yamunanagar,13.206928094938394,5.731626983,11,5,1366309,5,25,12,
HIMACHAL PRADESH,Bilaspur,15.413478259569072,,,,,,51,23,flooded_area: ambiguous name; impact: ambiguous name
HIMACHAL PRADESH,Bilaspur,14.789011344691493,,,,,,51,23,flooded_area: ambiguous name; impact: ambiguous name
HIMACHAL PRADESH,Chamba,14.895307241291423,0.208436762,125,13,586226,5,74,46,
HIMACHAL PRADESH,Hamirpur,16.006186764037174,,,,,,79,38,flooded_area: ambiguous name; impact: ambiguous name
HIMACHAL PRADESH,Hamirpur,15.610149140422227,,,,,,79,38,flooded_area: ambiguous name; impact: ambiguous name
HIMACHAL PRADESH,Kangra,15.827797199316025,0.077501311,173,58,1693351,4,100,61,
HIMACHAL PRADESH,Kinnaur,15.549731350637835,0.539592883,225,64,87703,5,59,33,
HIMACHAL PRADESH,Kullu,16.874404330835112,0.216410933,371,205,460044,4,96,61,
HIMACHAL PRADESH,Lahul & Spiti,10.96578019019641,0.011872748,58,1,31023,6,0,0,
HIMACHAL PRADESH,Mandi,16.145166319236747,0.736416396,187,26,1131583,4,89,59,
HIMACHAL PRADESH,Shimla,17.6226469397165,0.735818063,355,172,904737,4,113,75,
HIMACHAL PRADESH,Sirmaur,14.806329363348578,0.977864526,84,14,564300,5,63,40,
HIMACHAL PRADESH,Solan,14.504602095216217,0.280667145,116,15,678073,5,66,39,
HIMACHAL PRADESH,Una,12.186777576748492,0.018255416,65,5,573625,6,52,26,
JAMMU & KASHMIR,Anantnag,14.756466762456737,0.30280149,81,44,1290100,4,7,7,
JAMMU & KASHMIR,Badgam,14.282593564658415,3.806150556,51,11,992328,6,0,0,
JAMMU & KASHMIR,Bandipore,13.083772934787342,1.936451826,30,4,378179,7,0,0,
JAMMU & KASHMIR,Baramula,14.999944827865958,0.911142533,75,39,1224436,5,0,0,
JAMMU & KASHMIR,Doda,14.487666525517204,0.270530155,122,34,563657,4,9,9,
JAMMU & KASHMIR,Ganderbal,13.968864401256017,1.495531299,58,13,559525,6,7,7,
JAMMU & KASHMIR,Jammu,17.046325534618752,1.589424608,274,80,1766664,5,1,1,
JAMMU & KASHMIR,Kathua,13.453405870231894,0.045617922,112,21,639161,4,7,7,
JAMMU & KASHMIR,Kishtwar,13.851620129028582,0.281956344,55,29,231938,5,10,10,
JAMMU & KASHMIR,Kulgam,11.544190820352002,0.022991182,49,7,578651,6,2,2,
JAMMU & KASHMIR,Kupwara,12.911015617775956,0.51995716,37,2,1053524,5,6,6,
JAMMU & KASHMIR,Mirpur,9.948679414974753,0.33730821,29,0,7110,8,0,0,
JAMMU & KASHMIR,Muzaffarabad,10.252418880453558,0.429807163,29,0,9108,8,0,0,
JAMMU & KASHMIR,Pulwama,14.653153505632142,2.991682452,76,17,1008086,4,11,11,
JAMMU & KASHMIR,Punch,15.139791863648927,0.67832765,155,13,697454,4,0,0,
JAMMU & KASHMIR,Rajouri,14.26711792280496,0.283908485,109,18,659577,4,13,13,
JAMMU & KASHMIR,Ramban,13.13604914030907,0.444408931,49,18,360350,5,9,9,
JAMMU & KASHMIR,Reasi,14.047250900942073,1.239061446,63,18,394393,5,5,5,
JAMMU & KASHMIR,Samba,11.523626947400388,0.63000495,33,0,433040,6,2,2,
JAMMU & KASHMIR,Shupiyan,11.718809232418753,1.080602368,32,1,391024,6,0,0,
JAMMU & KASHMIR,Srinagar,12.888221332606244,0.278932913,73,7,904040,6,3,3,
JAMMU & KASHMIR,Udhampur,14.21953874401665,0.47427651,121,8,695644,5,9,9,
JHARKHAND,Bokaro,10.052560471915163,0.022030296,12,1,2426002,2,6,6,
JHARKHAND,Chatra,11.172518237918649,0.339585416,8,3,1313082,2,8,8,
JHARKHAND,Deoghar,10.195271519719046,0.81176508,3,0,1878226,4,4,3,
JHARKHAND,Dhanbad,8.927454083908186,0.207879548,1,1,3014375,1,3,3,
JHARKHAND,Dumka,10.584806948193599,0.227789055,8,0,1522340,6,3,2,
JHARKHAND,Garhwa,11.04842383413576,0.547516784,10,0,1689634,2,7,7,
JHARKHAND,Giridih,11.462058703328612,0.442880209,12,0,3023152,4,4,4,
JHARKHAND,Godda,11.1329118351489,0.308989819,16,0,1541633,5,5,4,
JHARKHAND,Gumla,11.057680028059243,0.676989466,8,0,1266667,4,5,5,
JHARKHAND,Hazaribagh,8.551359145646899,0.077051711,1,1,2130620,1,15,15,
JHARKHAND,Jamtara,9.108846380469977,0.660567369,1,0,923311,6,3,2,
JHARKHAND,Khunti,10.055094618285555,0.735774946,3,2,661665,2,5,5,
JHARKHAND,Kodarma,5.936974084070552,0.001585894,1,0,894355,2,0,0,
JHARKHAND,Latehar,8.923637897176071,0.545231273,1,0,974550,2,2,2,
JHARKHAND,Lohardaga,9.906912664619114,0.791528779,7,0,575951,2,5,5,
JHARKHAND,Pakur,9.940192955238464,3.826048033,1,0,1077497,6,3,2,
JHARKHAND,Palamu,13.054443012276339,1.06308692,23,1,2294123,8,7,7,
JHARKHAND,Pashchimi Singhbhum,10.306841150931813,0.868185334,2,0,1744372,3,0,0,
JHARKHAND,Purbi Singhbhum,12.645560586066884,1.646993268,32,0,2787911,3,0,0,
JHARKHAND,Ramgarh,10.627312499651268,0.438980609,4,11,1068909,2,6,6,
JHARKHAND,Ranchi,14.197119998803474,0.465022765,45,6,3525357,5,19,19,
JHARKHAND,Sahibganj,11.069014465701779,5.74321916,3,0,1863699,5,0,0,
JHARKHAND,Saraikela-kharsawan,8.535902648674234,0.297198097,1,0,1170854,2,2,2,
JHARKHAND,Simdega,8.94116808234982,0.928699763,1,0,677321,2,2,2,
KARNATAKA,Bagalkote,12.352264924637737,0.002398667,67,4,2065589,14,3,3,
KARNATAKA,Ballari,16.687776013211217,0.548620386,147,30,2961339,8,58,41,
KARNATAKA,Bangalore,15.439242120141657,0.114566985,75,37,13403998,6,0,0,
KARNATAKA,Belagavi,14.974630688320827,0.716049892,63,2,5439561,6,65,49,
KARNATAKA,Bengaluru Rural,15.693701586601925,0.120542304,164,135,1355031,4,87,42,
KARNATAKA,Bidar,15.210263157247708,0.767478422,89,7,1848763,8,0,0,
KARNATAKA,Chamarajanagara,12.976241045034715,1.93767925,20,1,1089392,9,1,1,
KARNATAKA,Chikkaballapura,13.40917971659012,0.18147016,34,7,1326139,7,36,26,
KARNATAKA,Chikkamagaluru,13.92807228565061,0.48643499,40,6,1168539,7,22,10,
KARNATAKA,Chitradurga,14.586114591603268,0.186919271,99,3,1798153,9,34,24,
KARNATAKA,Dakshina Kannada,16.67252490434371,1.026488871,117,41,2388502,8,72,54,
KARNATAKA,Davanagere,14.567120633366901,0.337248387,57,6,2110205,11,0,0,
KARNATAKA,Dharwad,15.729608893745239,0.283121417,123,30,2085599,7,56,35,
KARNATAKA,Gadag,15.077883110523665,0.773623563,82,8,1218001,10,40,33,
KARNATAKA,Hassan,14.452359136779716,0.048209394,61,28,1843387,9,43,31,
KARNATAKA,Haveri,14.846701945959106,1.041587377,67,4,1601523,13,27,21,
KARNATAKA,Kalaburagi,16.27130403580589,0.562792586,112,16,2925453,8,53,35,
KARNATAKA,Kodagu,14.593232577967798,0.6410376,57,17,575814,6,61,46,
KARNATAKA,Kolar,14.532189534439569,0.151892948,78,21,1625062,8,28,13,
KARNATAKA,Koppal,14.465288797483145,0.500672586,74,3,1551558,11,25,18,
KARNATAKA,Mandya,14.626883248678869,1.416125561,43,4,1886354,10,30,20,
KARNATAKA,Mysuru,15.49929207355667,0.377930553,75,14,3330925,8,51,36,
KARNATAKA,Raichur,16.75793281018545,0.860016988,141,34,2140588,8,58,39,
KARNATAKA,Ramanagara,13.056740386416603,0.955866677,23,1,1168086,17,14,8,
KARNATAKA,Shivamogga,14.573367465271403,0.0731706,74,12,1877441,9,44,29,
KARNATAKA,Tumakuru,12.981699460911374,0.055808694,25,2,2774415,17,36,24,
KARNATAKA,Udupi,13.008514448906736,0.007584602,58,21,1144919,10,39,31,
KARNATAKA,Uttara Kannada,16.67968267591538,2.419647773,102,19,1597345,7,0,0,
KARNATAKA,Vijayapura,12.22306824443187,0.011439119,45,1,2612195,8,14,6,
KARNATAKA,Yadgir,14.804164824424284,1.077229403,64,5,1373369,13,23,17,
KERALA,Alappuzha,17.725461969849633,12.40641849,170,70,2167462,5,113,71,
KERALA,Ernakulam,16.88354555320735,1.260337983,136,61,3428525,5,84,50,
KERALA,Idukki,14.830320339480933,0.004693367,275,71,1048101,4,116,67,
KERALA,Kannur,17.10860522742122,2.357507247,153,53,2666656,5,91,58,
KERALA,Kasaragod,16.122794226826645,2.303776192,108,40,1320168,6,67,41,
KERALA,Kollam,14.687865175552338,0.007181482,177,60,2503307,5,95,54,
KERALA,Kottayam,17.17757331913893,1.520735488,200,90,2015065,5,102,63,
KERALA,Kozhikode,16.80782668073376,0.801183224,181,45,3349063,5,113,63,
KERALA,Malappuram,17.302052893954528,1.678503228,161,50,4458146,5,97,58,
KERALA,Palakkad,16.724680975555888,1.885497465,104,38,3024581,6,70,43,
KERALA,Pathanamthitta,15.993823606127968,0.991725656,132,30,1320089,6,75,50,
KERALA,Thiruvananthapuram,17.350365322366642,0.235709715,276,149,3288743,4,231,177,
KERALA,Thrissur,17.200701537959194,4.374872942,124,43,3305535,5,91,60,
KERALA,Wayanad,16.135483336003308,0.460180992,151,95,847406,4,149,132,
LADAKH,Kargil,11.688354952761177,0.286339875,46,1,154801,1,1,1,
LADAKH,Leh,13.648464032142419,0.018275039,162,30,158993,1,0,0,
LAKSHADWEEP,Lakshadweep,4.858476899467763,4,0,0,60324,,0,0,
MADHYA PRADESH,Agar Malwa,9.189893645189708,0.197996456,2,0,702666,6,11,2,
MADHYA PRADESH,Alirajpur,10.195950433227079,0.133752635,7,0,917115,5,14,6,
MADHYA PRADESH,Anuppur,9.990783932578736,0.52747384,2,0,902339,9,10,2,
MADHYA PRADESH,Ashoknagar,11.23645822753216,0.219773318,6,4,1071470,6,13,5,
MADHYA PRADESH,Balaghat,16.630218636838876,1.072556027,118,108,1884118,6,25,7,
MADHYA PRADESH,Barwani,12.157796682598162,0.27606099,7,10,1771460,6,16,7,
MADHYA PRADESH,Betul,13.474591542759846,0.572982012,26,2,1776782,6,23,13,
MADHYA PRADESH,Bhind,13.121998929581226,2.689401967,25,0,1937516,6,16,4,
MADHYA PRADESH,Bhopal,11.677640660322279,0.000494438,64,13,2938719,4,44,19,
MADHYA PRADESH,Burhanpur,12.778778889751598,0.685540047,15,10,917654,6,19,10,
MADHYA PRADESH,Chhatarpur,12.460824774657855,1.026450906,12,0,2100270,6,17,6,
MADHYA PRADESH,Chhindwara,13.955243811560596,0.243637627,33,6,2383077,5,31,16,
MADHYA PRADESH,Damoh,12.953807470822902,1.193640384,26,0,1437365,6,19,8,
MADHYA PRADESH,Datia,11.492406961849484,2.165231715,9,0,955153,6,12,2,
MADHYA PRADESH,Dewas,13.55760707742869,0.631542867,17,18,1839994,5,16,3,
MADHYA PRADESH,Dhar,12.222735675425495,0.327944556,14,0,2722423,5,22,9,
MADHYA PRADESH,Dindori,10.83104980705238,1.243229343,3,0,917721,7,13,4,
MADHYA PRADESH,East Nimar,9.24772357188089,0.011130804,4,0,1518478,7,11,1,
MADHYA PRADESH,Guna,13.740949040317723,0.457411017,63,2,1461635,6,19,6,
MADHYA PRADESH,Gwalior,13.086771542139497,0.157120971,46,2,2515503,5,20,4,
MADHYA PRADESH,Harda,11.890187891324528,1.128090368,9,3,669689,6,15,7,
MADHYA PRADESH,Hoshangabad,13.706241370677152,1.375776716,53,0,1371450,5,0,0,
MADHYA PRADESH,Indore,14.276474793430765,0.263327649,57,6,4193901,5,35,14,
MADHYA PRADESH,Jabalpur,14.46779199915463,0.609947111,54,6,2843254,5,31,9,
MADHYA PRADESH,Jhabua,10.241131625419241,0.2786779,3,0,1290473,7,15,6,
MADHYA PRADESH,Katni,11.376302525668784,0.530371053,10,0,1481656,6,12,3,
MADHYA PRADESH,Mandla,11.733446041493288,0.665550482,10,0,1110768,7,15,4,
MADHYA PRADESH,Mandsaur,11.601043157916012,0.035767514,27,1,1424619,5,19,9,
MADHYA PRADESH,Morena,13.939282508437586,2.658013204,57,0,2318601,5,18,4,
MADHYA PRADESH,Narsimhapur,12.272207128992589,1.976709412,14,0,1275736,7,13,2,
MADHYA PRADESH,Neemuch,10.664636960132986,0.047005244,14,1,905934,6,12,4,
MADHYA PRADESH,Niwari,9.638222930912182,2.138521976,2,0,474884,8,8,0,
MADHYA PRADESH,Panna,11.464881114149012,0.741002628,8,0,1214594,7,11,2,
MADHYA PRADESH,Raisen,14.793973354915757,1.304665949,56,12,1582981,5,18,8,
MADHYA PRADESH,Rajgarh,12.960728774648368,0.472826999,21,3,1797738,5,19,10,
MADHYA PRADESH,Ratlam,12.364180423938164,0.588601194,24,0,1682145,6,15,3,
MADHYA PRADESH,Rewa,14.768595828074593,0.818756794,38,25,2794552,5,21,9,
MADHYA PRADESH,Sagar,14.673597686558569,0.654643181,46,8,2792584,5,25,11,
MADHYA PRADESH,Satna,10.888948730776102,0.006627683,28,0,2619145,6,14,6,
MADHYA PRADESH,Sehore,13.624297549713402,0.865128872,36,2,1581777,5,23,13,
MADHYA PRADESH,Seoni,12.338171071605162,0.419742338,18,0,1600897,5,22,12,
MADHYA PRADESH,Shahdol,8.606111330127606,0.003847684,2,2,1075359,6,13,4,
MADHYA PRADESH,Shajapur,10.84349368116641,0.513507353,7,0,1036523,6,13,5,
MADHYA PRADESH,Sheopur,11.164904277475754,1.231751267,5,0,890783,7,11,3,
MADHYA PRADESH,Shivpuri,11.667533409556551,0.160705456,13,0,2047132,6,14,5,
MADHYA PRADESH,Sidhi,10.556680246809432,1.782043654,2,0,1292335,8,8,0,
MADHYA PRADESH,Singrauli,11.286876313176668,0.806662133,6,0,1558134,8,10,2,
MADHYA PRADESH,Tikamgarh,10.89427204404565,0.274206269,9,0,1216750,6,13,4,
MADHYA PRADESH,Ujjain,14.028002398535865,0.708212621,50,3,2261682,4,25,11,
MADHYA PRADESH,Umaria,8.24755174208456,0.004413453,3,0,849658,7,13,4,
MADHYA PRADESH,Vidisha,13.879084524896264,0.635462,35,6,1710603,4,25,11,
MADHYA PRADESH,West Nimar,15.15254210391885,1.261290342,52,18,2194354,4,0,0,
MAHARASHTRA,Ahmadnagar,13.744180643719863,0.006268605,50,18,5113145,4,0,0,
MAHARASHTRA,Akola,15.578364230579806,0.605435381,106,14,2032614,4,68,37,
MAHARASHTRA,Amravati,17.907707348841942,0.680336027,430,34,3195039,5,80,41,
MAHARASHTRA,Aurangabad,16.453444018807634,,,,,,59,32,flooded_area: ambiguous name; impact: ambiguous name
MAHARASHTRA,Aurangabad,16.29758908817163,,,,,,59,32,flooded_area: ambiguous name; impact: ambiguous name
MAHARASHTRA,Bhandara,15.806534648057134,1.821346068,91,26,1132270,5,58,26,
MAHARASHTRA,Bid,16.327195488559887,0.274329152,242,15,3032850,4,0,0,
MAHARASHTRA,Buldana,14.778399410216522,0.143033374,92,7,2939030,3,0,0,
MAHARASHTRA,Chandrapur,16.530213646482306,1.224884143,114,20,2348545,5,64,37,
MAHARASHTRA,Dhule,13.905379214570328,0.227687277,58,4,2456650,4,25,14,
MAHARASHTRA,Gadchiroli,16.028387315575035,1.66295656,90,15,1183215,4,58,37,
MAHARASHTRA,Gondiya,13.257668751528765,0.10921389,35,10,1579976,5,0,0,
MAHARASHTRA,Hingoli,11.971959816564476,0.002176496,82,5,1419813,4,32,22,
MAHARASHTRA,Jalgaon,16.203766218047182,1.018783927,75,26,4760079,3,47,27,
MAHARASHTRA,Jalna,14.992897194017873,0.061033309,157,13,2330103,5,45,28,
MAHARASHTRA,Kolhapur,17.133566360241808,0.792546096,258,32,3952672,4,54,32,
MAHARASHTRA,Latur,14.271939876754926,0.209045748,54,6,2795413,4,44,31,
MAHARASHTRA,Mumbai,15.096322280834935,0.001000003,1016,437,2831580,3,173,85,
MAHARASHTRA,Mumbai Suburban,12.892295185056973,0.000997242,145,77,10791581,3,27,16,
MAHARASHTRA,Nagpur,18.687113593311008,0.398261272,689,78,5242373,3,155,93,
MAHARASHTRA,Nanded,17.5598713904459,1.150372003,262,34,3861544,4,66,42,
MAHARASHTRA,Nandurbar,14.135883571377343,0.830013135,43,6,2039682,4,22,15,
MAHARASHTRA,Nashik,15.810755854706201,0.009474396,158,70,7301954,3,86,52,
MAHARASHTRA,Osmanabad,12.274168152976905,0.000294936,137,10,1913512,4,0,0,
MAHARASHTRA,Palghar,14.821020652118023,0.902972116,78,4,3787472,3,35,27,
MAHARASHTRA,Parbhani,16.906483978740717,2.980760882,230,15,2068053,4,52,34,
MAHARASHTRA,Pune,17.524811977180292,0.01206296,547,119,11979873,2,139,92,
MAHARASHTRA,Raigarh,16.20634326085652,,,,,,43,29,flooded_area: ambiguous name; impact: ambiguous name
MAHARASHTRA,Raigarh,15.937498816793196,,,,,,43,29,flooded_area: ambiguous name; impact: ambiguous name
MAHARASHTRA,Ratnagiri,17.025442396530302,0.575265044,280,72,1532470,3,65,39,
MAHARASHTRA,Sangli,15.438451271929045,0.444899405,107,13,3253446,4,32,20,
MAHARASHTRA,Satara,14.196438317671806,0.003020396,108,67,3138971,3,51,38,
MAHARASHTRA,Sindhudurg,16.48929416640429,0.776077496,190,103,808570,4,54,38,
MAHARASHTRA,Solapur,16.464257131913666,0.923051453,161,11,4817374,3,37,21,
MAHARASHTRA,Thane,18.861789241935494,1.253627781,418,204,9950177,3,97,56,
MAHARASHTRA,Wardha,15.93909113222713,0.644579581,134,20,1365264,5,70,38,
MAHARASHTRA,Washim,10.734974523913712,0.0000734,62,6,1362768,4,78,63,
MAHARASHTRA,Yavatmal,14.48260719028669,0.001951031,211,22,3117757,4,73,36,
MANIPUR,Bishnupur,5.479314363347237,0.000998427,1,0,299943,6,6,3,
MANIPUR,Chandel,7.865775829637234,0.630871175,0,0,125173,7,4,1,
MANIPUR,Churachandpur,8.413451680279724,0.939291668,0,0,257051,7,4,1,
MANIPUR,Imphal East,10.245482380946884,11.79273868,2,0,434974,5,12,5,
MANIPUR,Imphal West,9.824765631403091,3.323981318,2,0,589610,5,12,5,
MANIPUR,Jiribam,7.702555124846091,5.232607471,0,0,56027,7,5,2,
MANIPUR,Kakching,7.9281417270533545,3.520388451,0,0,180789,7,4,1,
MANIPUR,Kamjong,7.479566995010197,0.481550805,0,0,61519,7,4,1,
MANIPUR,Kangpokpi,8.00393638306531,0.534498836,0,0,268532,7,4,1,
MANIPUR,Noney,12.728499352537503,2.67719437,56,18,58122,6,5,2,
MANIPUR,Pherzawl,8.073969241981777,2.366795306,0,0,54252,7,4,1,
MANIPUR,Senapati,8.399273632440867,0.710207411,0,0,459428,7,4,1,
MANIPUR,Tamenglong,11.226699133445404,1.695834778,11,2,139509,5,7,3,
MANIPUR,Tengnoupal,7.310092891311484,0.539127806,0,0,75461,7,4,1,
MANIPUR,Thoubal,11.46109993778033,23.6044421,7,2,325077,5,9,3,
MANIPUR,Ukhrul,8.053628266155952,0.669906789,0,0,178796,7,4,1,
MEGHALAYA,East Garo Hills,10.696820929375155,0.686378319,20,0,188522,4,9,3,
MEGHALAYA,East Jaintia Hills,9.65998633260374,1.627446553,4,0,150787,5,3,3,
MEGHALAYA,East Khasi Hills,12.893531577652482,1.14976811,20,9,1005453,2,16,13,
MEGHALAYA,North Garo Hills,10.473013602064915,1.505747627,13,0,191024,5,6,3,
MEGHALAYA,Ribhoi,11.56983751271364,1.715139198,14,1,389832,3,11,8,
MEGHALAYA,South Garo Hills,10.843939023790394,1.272678698,20,0,190314,3,7,3,
MEGHALAYA,South West Garo Hills,10.671036900750007,3.340328514,13,0,161524,5,7,4,
MEGHALAYA,South West Khasi Hills,9.505296323813457,1.768765435,5,0,136573,3,5,2,
MEGHALAYA,West Garo Hills,12.11627981147293,1.079662032,28,0,701102,3,18,8,
MEGHALAYA,West Jaintia Hills,9.874314592993613,1.642405869,4,0,372716,3,0,0,
MEGHALAYA,West Khasi Hills,12.234504460081455,1.191947527,18,5,341864,3,11,8,
MIZORAM,Aizawl,15.373862352432583,2.065788746,154,42,483635,2,19,12,
MIZORAM,Champhai,11.253727492530876,0.919185436,9,8,136805,3,10,1,
MIZORAM,Kolasib,9.878909712173492,1.584069279,7,0,125377,4,6,1,
MIZORAM,Lawngtlai,11.266585849948353,2.792338513,12,2,149520,3,7,2,
MIZORAM,Lunglei,11.271881135911613,2.66098121,12,0,188482,4,8,2,
MIZORAM,Mamit,10.112772397135727,1.381857077,7,0,138551,3,7,2,
MIZORAM,Saiha,9.83880428968046,2.951687412,7,0,65651,4,0,0,
MIZORAM,Serchhip,9.723515036831328,1.328475491,8,1,61426,3,7,2,
NAGALAND,Dimapur,8.881072108678037,1.716497018,1,0,510639,4,3,2,
NAGALAND,Kiphire,9.05089449050156,1.066560501,4,0,54731,19,2,1,
NAGALAND,Kohima,9.5925154353088,0.321623488,5,0,311382,6,10,6,
NAGALAND,Longleng,6.923534921461172,2.837540944,0,0,30296,7,1,0,
NAGALAND,Mokokchung,7.7575491461839885,1.200974196,0,0,168849,7,1,0,
NAGALAND,Mon,8.374345913494796,2.741637225,0,0,228717,7,1,0,
NAGALAND,Peren,7.912089199797859,0.586486953,1,0,96231,4,3,2,
NAGALAND,Phek,9.433797710693455,1.966529093,2,2,164195,4,2,1,
NAGALAND,Tuensang,7.690746667159076,0.650005813,0,0,197958,7,1,0,
NAGALAND,Wokha,7.815000444608371,1.553001778,0,0,164833,4,2,1,
NAGALAND,Zunheboto,9.351020631650451,0.640526895,4,0,135618,19,2,1,
ODISHA,Anugul,12.81414308699189,0.272277764,24,0,1393181,34,24,13,
ODISHA,Balangir,13.663829374845573,1.095326967,25,0,2028038,32,19,9,
ODISHA,Baleshwar,17.31748221832247,8.765273065,220,5,2513933,16,52,18,
ODISHA,Bargarh,13.614087660258907,0.036098632,139,0,1562701,24,31,12,
ODISHA,Baudh,13.156021760829558,1.709315466,30,0,520532,32,0,0,
ODISHA,Bhadrak,15.017488855468347,8.404168094,68,0,1613470,23,31,19,
ODISHA,Cuttack,17.44880793951162,11.50951078,285,2,2887779,16,57,16,
ODISHA,Debagarh,11.204453176669588,0.025728406,36,0,351390,32,0,0,
ODISHA,Dhenkanal,14.83228359745756,0.881789412,140,0,1387551,28,27,11,
ODISHA,Gajapati,12.730445509094395,0.579527084,25,0,638094,29,22,11,
ODISHA,Ganjam,17.46172971322325,2.595362139,391,2,3912072,23,35,8,
ODISHA,Jagatsinghapur,12.265147613159279,0.078061187,44,0,1268480,31,21,11,
ODISHA,Jajapur,14.634660263004424,11.54713951,33,0,2048302,30,24,13,
ODISHA,Jharsuguda,12.322353113292673,0.163912049,44,0,621362,31,20,9,
ODISHA,Kalahandi,14.95201812997386,0.398050093,149,0,1864838,22,34,17,
ODISHA,Kandhamal,14.724730115877072,0.541719782,142,0,832740,26,31,15,
ODISHA,Kendrapara,15.214873218557004,18.30023894,57,0,1692082,24,30,17,
ODISHA,Kendujhar,15.190476797786722,1.121189194,54,3,2118363,20,36,19,
ODISHA,Khordha,13.849602114839051,2.152536584,28,0,2574912,29,28,17,
ODISHA,Koraput,15.560269755580746,0.185330259,198,4,1573932,18,44,19,
ODISHA,Malkangiri,12.198866393642605,0.073061589,30,0,757865,29,22,12,
ODISHA,Mayurbhanj,15.016612155483825,1.104038704,40,2,2891283,23,30,14,
ODISHA,Nabarangapur,10.296490508721547,0.435588956,3,0,1425811,8,0,0,
ODISHA,Nayagarh,14.147611779485711,4.447805894,36,0,1012257,29,25,15,
ODISHA,Nuapada,13.038948634816053,1.294611131,25,0,702602,34,18,8,
ODISHA,Puri,15.10138817904642,0.32180646,267,0,1855870,22,41,13,
ODISHA,Rayagada,13.778353303027748,1.449399945,31,0,1127993,31,20,10,
ODISHA,Sambalpur,15.138200846937861,0.653957274,191,0,1271970,21,35,12,
ODISHA,Subarnapur,13.102763511412057,2.280238254,26,0,663973,33,19,9,
ODISHA,Sundargarh,14.201704186966252,1.817783191,28,0,2361775,33,22,10,
PUDUCHERRY,Karaikal,7.016885974680272,0.179114825,2,0,220595,5,1,0,
PUDUCHERRY,Mahe,4.244484579746598,0.243893199,0,0,50846,7,1,0,
PUDUCHERRY,Puducherry,9.745259263728006,0.939811094,6,0,1148821,4,0,0,
PUDUCHERRY,Yanam,5.860381611156025,2.98522873,0,0,47877,7,1,0,
PUNJAB,Amritsar,16.326198333448385,2.558209055,117,21,2748187,7,49,20,
PUNJAB,Barnala,11.104807807396753,1.6671773,6,0,684088,7,23,10,
PUNJAB,Bathinda,14.432439103601508,4.064778009,24,5,1697487,7,42,20,
PUNJAB,Faridkot,12.569999024995894,4.441457773,15,1,659286,5,31,11,
PUNJAB,Fatehgarh Sahib,12.183871093468309,0.476176498,37,1,640240,5,28,14,
PUNJAB,Fazilka,12.711655400142604,4.742047502,13,0,1143916,7,24,11,
PUNJAB,Firozpur,14.946469180526158,8.086116559,79,1,1057444,8,0,0,
PUNJAB,Gurdaspur,15.565982611007675,7.99043277,92,3,1740157,6,45,19,
PUNJAB,Hoshiarpur,14.345076149771591,1.015664453,77,1,1743086,7,41,18,
PUNJAB,Jalandhar,16.12634939775498,5.423173348,56,39,2446748,6,46,21,
PUNJAB,Kapurthala,14.437077915657298,3.373204673,85,2,865875,6,40,18,
PUNJAB,Ludhiana,15.295306737527337,4.779332462,70,1,3965684,7,38,15,
PUNJAB,Mansa,13.005437411372714,2.759157184,37,0,742955,5,29,14,
PUNJAB,Moga,12.249494272419687,2.73145838,8,1,1027279,6,28,14,
PUNJAB,Pathankot,10.849183480056967,1.266369538,6,0,713016,7,24,11,
PUNJAB,Patiala,16.73168616422408,4.902063247,80,74,2269761,5,53,25,
PUNJAB,Rupnagar,14.55015296383351,8.05958884,48,6,716979,6,41,20,
PUNJAB,Sahibzada Ajit Singh Nag*,7.786181657360266,0.10224824,0,0,1662669,10,0,0,
PUNJAB,Sangrur,14.183626924681889,2.448919322,44,1,1835441,7,32,16,
PUNJAB,Shahid Bhagat Singh Nagar,11.623164130923987,10.90580953,5,0,636289,6,22,9,
PUNJAB,Sri Muktsar Sahib,11.775474642293867,2.388390951,6,0,1149045,7,1,0,
PUNJAB,Tarn Taran,11.93121167916792,5.605831458,5,0,1251033,6,24,11,
RAJASTHAN,Ajmer,15.626895014531895,0.203556192,135,23,2985855,4,41,13,
RAJASTHAN,Alwar,16.035513548288417,0.342475289,102,15,4491235,14,38,11,
RAJASTHAN,Banswara,13.54361333571918,0.016887325,72,8,2229890,17,28,15,
RAJASTHAN,Baran,15.039160483347256,2.425109248,43,4,1450001,19,27,16,
RAJASTHAN,Barmer,16.36665709469927,0.873995809,85,8,3345308,20,24,12,
RAJASTHAN,Bharatpur,17.131242714643918,2.338615588,98,252,2952552,5,30,8,
RAJASTHAN,Bhilwara,15.558022770832022,0.74993015,85,4,2821404,20,25,9,
RAJASTHAN,Bikaner,16.457523131899894,0.684901436,61,23,3124233,14,36,17,
RAJASTHAN,Bundi,15.829483864809061,1.991418255,137,4,1323567,17,30,16,
RAJASTHAN,Chittaurgarh,9.594135959660097,0.033230403,4,0,1838803,10,0,0,
RAJASTHAN,Churu,15.457609817828729,0.775893058,43,14,2206492,25,20,5,
RAJASTHAN,Dausa,13.21177452936812,0.498796958,17,3,2162212,30,15,5,
RAJASTHAN,Dhaulpur,14.322869345442635,2.780566497,62,0,1501877,21,0,0,
RAJASTHAN,Dungarpur,12.3151833538887,0.197777034,10,3,1670388,30,15,6,
RAJASTHAN,Ganganagar,15.146737991741977,6.595012526,31,1,2163051,21,24,5,
RAJASTHAN,Hanumangarh,12.891351268862383,3.706876306,12,0,2002775,7,12,3,
RAJASTHAN,Jaipur,16.921200252666964,0.298918883,190,14,8193632,12,45,17,
RAJASTHAN,Jaisalmer,15.080382269472423,0.483488206,64,14,848518,7,19,8,
RAJASTHAN,Jalor,15.941008821581091,1.34441163,113,4,2252706,25,0,0,
RAJASTHAN,Jhalawar,14.608564014472394,0.94013361,35,6,1669164,17,30,18,
RAJASTHAN,Jhunjhunun,12.688618436513295,0.337147246,22,2,2449782,6,1,0,
RAJASTHAN,Jodhpur,16.68515856127328,0.351856339,154,9,4624883,13,43,20,
RAJASTHAN,Karauli,12.785134804609754,0.435501401,10,3,1777972,35,13,5,
RAJASTHAN,Kota,18.28899123555501,2.379646678,206,266,2286428,12,51,22,
RAJASTHAN,Nagaur,13.9140218797126,0.313542369,30,0,3826407,24,20,8,
RAJASTHAN,Pali,15.976500768955797,0.391660123,136,8,2254626,18,31,16,
RAJASTHAN,Pratapgarh,15.691788157661959,,,,,,18,7,flooded_area: ambiguous name; impact: ambiguous name
RAJASTHAN,Pratapgarh,15.135219281209052,,,,,,18,7,flooded_area: ambiguous name; impact: ambiguous name
RAJASTHAN,Rajsamand,12.045072167700983,0.165414807,17,0,1353032,32,14,7,
RAJASTHAN,Sawai Madhopur,17.29473115217755,1.488231909,121,254,1511281,22,25,6,
RAJASTHAN,Sikar,14.433744535144232,0.420855874,87,2,3026385,6,21,7,
RAJASTHAN,Sirohi,14.414967587255115,0.252656489,71,6,1264133,22,23,11,
RAJASTHAN,Tonk,15.834013405214002,0.025948024,137,252,1641156,21,25,12,
RAJASTHAN,Udaipur,13.340999144048794,0.001560423,97,6,3607694,14,37,23,
SIKKIM,East District,13.733855784396166,0.831166269,146,8,337891,2,0,0,
SIKKIM,North  District,12.129733510221849,0.063647516,88,16,44583,3,0,0,
SIKKIM,South District,11.559174791160126,1.512139512,19,4,164403,4,0,0,
SIKKIM,West District,11.83245566150928,0.685815634,23,12,133590,3,0,0,
TAMIL NADU,Ariyalur,13.089804218720658,2.363517119,23,4,772923,7,14,9,
TAMIL NADU,Chengalpattu,14.338825559345638,2.752509381,36,4,3240797,10,13,2,
TAMIL NADU,Chennai,16.62215635244921,3.572786193,238,21,5558758,8,57,33,
TAMIL NADU,Coimbatore,15.81294135542745,0.316836382,142,24,4180340,5,33,18,
TAMIL NADU,Cuddalore,15.662049981665302,5.871797745,63,10,2998319,4,30,19,
TAMIL NADU,Dharmapuri,12.963906917019216,0.244881502,28,4,1771524,6,15,9,
TAMIL NADU,Dindigul,14.460504975996665,0.3793423,52,12,2457758,6,19,9,
TAMIL NADU,Erode,14.637086139673444,0.654316232,64,9,2286982,6,17,11,
TAMIL NADU,Kallakurichi,13.373623675453258,1.71000415,20,4,1575629,10,10,4,
TAMIL NADU,Kancheepuram,13.470096546622718,1.758222114,28,6,1542112,6,15,9,
TAMIL NADU,Kanniyakumari,11.01336275465019,0.001570499,50,5,2092603,6,28,19,
TAMIL NADU,Karur,13.300072728632383,1.722278531,23,4,1234912,7,13,7,
TAMIL NADU,Krishnagiri,13.915616759115895,0.86428335,35,4,2151735,6,18,13,
TAMIL NADU,Madurai,15.602727307977238,1.012920862,56,54,3384080,7,21,10,
TAMIL NADU,Nagapattinam,15.510547035317165,8.469795512,81,5,1816255,6,27,16,
TAMIL NADU,Namakkal,13.186444809565327,0.389540051,29,4,2030160,8,13,8,
TAMIL NADU,Perambalur,12.768381101714061,0.711461636,32,4,600175,8,15,8,
TAMIL NADU,Pudukkottai,13.887053122860141,0.613684296,46,4,1827769,6,18,9,
TAMIL NADU,Ramanathapuram,15.515402596471082,1.978467591,103,17,1550443,7,15,6,
TAMIL NADU,Ranipet,12.643814299855503,1.363052135,16,4,1198951,10,8,3,
TAMIL NADU,Salem,14.8645723747814,0.70281148,64,9,3947265,6,16,9,
TAMIL NADU,Sivaganga,13.241569375849704,1.933201481,16,4,1534446,10,8,3,
TAMIL NADU,Tenkasi,12.438608592591057,0.407407146,16,4,1653931,11,7,2,
TAMIL NADU,Thanjavur,16.98285416233113,6.262291183,144,22,2499232,9,36,19,
TAMIL NADU,The Nilgiris,14.181521521398048,0.072105658,156,23,708881,6,27,14,
TAMIL NADU,Theni,11.776661030227343,0.031762174,23,5,1406691,8,14,9,
TAMIL NADU,Thiruvallur,13.673875251994275,0.136913665,44,6,4840586,6,20,15,
TAMIL NADU,Thiruvarur,13.980877190636447,2.180366877,41,5,1412221,5,22,17,
TAMIL NADU,Thoothukkudi,12.099855590037578,0.017275176,34,4,1817973,6,20,15,
TAMIL NADU,Tiruchirappalli,16.507546354019137,2.769716368,85,53,3072981,6,29,13,
TAMIL NADU,Tirunelveli,7.541970999898446,0.007402498,3,0,1871307,1,20,11,
TAMIL NADU,Tirupathur,12.510208774828982,0.882133575,16,4,1329320,11,7,2,
TAMIL NADU,Tiruppur,13.330983392681425,0.55127524,20,4,3131866,8,13,8,
TAMIL NADU,Tiruvannamalai,14.853012994402956,0.956908978,48,10,2908761,5,25,19,
TAMIL NADU,Vellore,13.909700707778667,0.437957461,38,23,1718125,6,18,10,
TAMIL NADU,Viluppuram,15.458700034241385,2.579095705,75,10,2449240,6,25,16,
TAMIL NADU,Virudhunagar,13.884611316574295,1.858630308,26,5,2112777,6,14,9,
TELANGANA,Adilabad,14.340837653964073,0.988714607,174,0,802880,8,6,5,
TELANGANA,Bhadradri Kothagudem,10.291820822002277,0.742354231,2,0,1149137,8,6,6,
TELANGANA,Hyderabad,10.461370494449875,0.000277133,101,4,3345250,7,16,15,
TELANGANA,Jagitial,9.679544393631508,1.30267446,1,0,1063443,14,1,0,
TELANGANA,Jangoan,8.296947751656099,0.117767389,1,0,609289,14,1,0,
TELANGANA,Jayashankar,11.63604258574657,5.219547095,4,1,423171,18,0,0,
TELANGANA,Jogulamba Gadwal,10.137668799539624,1.404701855,1,0,677578,34,2,1,
TELANGANA,Kamareddy,11.365235920129477,0.951305306,6,1,1051890,20,2,1,
TELANGANA,Karimnagar,12.450590881962183,0.012822066,140,1,1113366,7,16,15,
TELANGANA,Khammam,13.876207135960097,0.101414173,177,0,1521069,7,11,9,
TELANGANA,Kumuram Bheem Asifabad,8.66093849709519,1.134922452,1,0,561927,1,4,3,
TELANGANA,Mahabubabad,9.983654249916059,0.247662044,4,0,802801,8,5,4,
TELANGANA,Mahabubnagar,12.413518304684972,0.416806629,40,0,1071711,6,10,9,
TELANGANA,Mancherial,9.717544076057568,1.336662971,1,0,750195,10,2,1,
TELANGANA,Medak,13.270380934338942,0.908345993,38,1,858985,14,11,10,
TELANGANA,Medchal Malkajgiri,10.786006196303363,0.230626522,6,1,3917267,15,3,2,
TELANGANA,Mulugu,11.639663312410365,2.25270259,17,0,308187,8,4,3,
TELANGANA,Nagarkurnool,10.02790622304353,1.284959401,1,0,978724,10,2,1,
TELANGANA,Nalgonda,12.523449573878914,0.010832661,67,2,1795837,8,8,7,
TELANGANA,Narayanpet,10.866879335501325,0.76899113,11,0,669576,5,6,5,
TELANGANA,Nirmal,9.97777035268932,1.150118153,2,0,747102,10,2,1,
TELANGANA,Nizamabad,13.178789742186606,0.044851377,95,1,1716963,8,17,16,
TELANGANA,Peddapalli,9.845408482920165,2.597279494,1,0,919259,10,2,1,
TELANGANA,Rajanna Sircilla,6.28564759560078,0.00114418,1,0,587140,9,3,2,
TELANGANA,Ranga Reddy,9.536145532868831,0.085026896,1,0,3667925,4,11,10,
TELANGANA,Sangareddy,9.492916177630676,0.005164143,6,1,1729145,7,9,8,
TELANGANA,Siddipet,9.736998679525309,0.378098987,2,0,1102022,7,4,3,
TELANGANA,Suryapet,9.901334243798269,1.336230804,1,0,1145777,11,2,1,
TELANGANA,Vikarabad,10.890505293328674,0.084609379,10,1,1308948,9,7,6,
TELANGANA,Wanaparthy,9.983597435827042,4.926322219,1,0,680558,10,2,1,
TELANGANA,Warangal Rural,13.50247233551987,0.041751433,134,2,811309,6,0,0,
TELANGANA,Warangal Urban,13.167522816940686,0.133107398,127,1,1152989,7,0,0,
TELANGANA,Yadadri Bhuvanagiri,9.86087462664835,0.546065506,3,0,769265,10,2,2,
TRIPURA,Dhalai,11.161184783193038,0.336825147,12,1,436885,4,23,9,
TRIPURA,Gomati,11.771332305883119,2.517687708,10,1,559331,4,19,5,
TRIPURA,Khowai,10.896522224413971,0.889218209,10,1,324410,4,20,6,
TRIPURA,North Tripura,13.425164734923863,1.542869002,96,1,417050,4,29,8,
TRIPURA,Sipahijala,10.887426944928727,0.598107872,10,1,477873,4,0,0,
TRIPURA,South Tripura,11.614260287187227,0.931395601,12,2,415745,4,24,9,
TRIPURA,Unokoti,12.194018533074013,23.62192797,10,1,370767,4,0,0,
TRIPURA,West Tripura,14.77717186516576,0.612502471,66,110,1081396,4,35,15,
UTTAR PRADESH,Agra,17.46347311350804,4.031426704,133,32,5296620,20,39,13,
UTTAR PRADESH,Aligarh,16.49352826124584,1.926834991,97,22,4376425,24,30,6,
UTTAR PRADESH,Ambedkar Nagar,14.34664676935026,3.462697948,44,0,2918048,22,32,13,
UTTAR PRADESH,Amethi,15.387214003222002,2.870234132,49,6,3139220,21,33,14,
UTTAR PRADESH,Amroha,14.964340640710867,3.74795481,54,3,2208108,24,29,8,
UTTAR PRADESH,Auraiya,14.613329857835854,6.662660657,46,1,1619128,24,29,9,
UTTAR PRADESH,Azamgarh,17.951289130056143,6.011964431,257,11,5177742,20,52,17,
UTTAR PRADESH,Baghpat,14.060014261552078,4.30209073,58,0,1340897,26,28,7,
UTTAR PRADESH,Bahraich,18.077352963427945,3.679886741,225,32,4156731,15,72,33,
UTTAR PRADESH,Ballia,18.282412575936064,13.30007152,312,13,3696633,18,64,21,
UTTAR PRADESH,Balrampur,16.273890154213387,,,,,,36,17,flooded_area: ambiguous name; impact: ambiguous name
UTTAR PRADESH,Balrampur,15.795300126674809,,,,,,36,17,flooded_area: ambiguous name; impact: ambiguous name
UTTAR PRADESH,Banda,16.059900808320847,6.313682456,87,4,2069729,22,34,10,
UTTAR PRADESH,Bara Banki,17.20010241203816,2.865516793,202,10,3807867,13,71,37,
UTTAR PRADESH,Bareilly,16.485703008265663,4.170101962,85,7,5352228,19,43,15,
UTTAR PRADESH,Basti,17.214701565903344,4.636039801,188,14,2718480,19,56,18,
UTTAR PRADESH,Bhadohi,13.979632076415218,11.0100435,36,0,1805095,30,23,4,
UTTAR PRADESH,Bijnor,15.029465062390958,3.487609777,56,0,4311589,24,31,9,
UTTAR PRADESH,Budaun,16.11888766407801,3.856538771,90,4,3653296,23,35,12,
UTTAR PRADESH,Bulandshahr,16.156742626782666,4.603272439,142,1,4116049,24,33,8,
UTTAR PRADESH,Chandauli,14.75193730729792,7.890839495,40,1,2179069,28,25,6,
UTTAR PRADESH,Chitrakoot,14.4798686527041,2.462686041,41,3,1269815,24,29,10,
UTTAR PRADESH,Deoria,17.491668267861357,7.694821538,211,11,3288259,19,56,16,
UTTAR PRADESH,Etah,14.857222982218246,1.184889889,106,1,2068262,23,34,10,
UTTAR PRADESH,Etawah,17.067086494018813,8.501345772,184,13,1845391,18,47,15,
UTTAR PRADESH,Faizabad,16.85165548633664,3.807489683,207,5,3092832,18,0,0,
UTTAR PRADESH,Farrukhabad,14.975491783899162,6.215089637,76,0,2145188,20,39,14,
UTTAR PRADESH,Fatehpur,15.880027904370003,5.696727002,94,1,3038415,16,48,22,
UTTAR PRADESH,Firozabad,16.085013203174043,4.216316792,62,21,2948291,21,33,13,
UTTAR PRADESH,Gautam Buddha Nagar,15.137927295438988,4.668442714,59,4,2613780,25,29,8,
UTTAR PRADESH,Ghaziabad,14.894861635598293,2.474121961,70,2,4601786,24,31,8,
UTTAR PRADESH,Ghazipur,16.433974169994748,8.379915091,97,3,4171506,20,1,0,
UTTAR PRADESH,Gonda,16.927312735081465,2.868823511,196,4,4066976,15,70,35,
UTTAR PRADESH,Gorakhpur,18.30257560143651,10.09175003,312,11,5059142,18,64,17,
UTTAR PRADESH,Hamirpur,17.536827590186714,,,,,,42,13,flooded_area: ambiguous name; impact: ambiguous name
UTTAR PRADESH,Hamirpur,17.140789966571763,,,,,,42,13,flooded_area: ambiguous name; impact: ambiguous name
UTTAR PRADESH,Hapur,13.946634127067115,1.527097452,58,1,1831968,28,26,5,
UTTAR PRADESH,Hardoi,16.246358522053228,4.346537435,77,3,4789431,16,46,22,
UTTAR PRADESH,Hathras,13.565689697624794,1.329597887,46,0,1789810,27,26,6,
UTTAR PRADESH,Jalaun,16.4785904772343,4.80414767,145,6,1897451,22,33,11,
UTTAR PRADESH,Jaunpur,16.67693934713436,4.243344328,200,1,4985265,19,47,17,
UTTAR PRADESH,Jhansi,15.684866276313064,1.823896934,127,3,2198410,27,25,4,
UTTAR PRADESH,Kannauj,15.449324962770856,3.608993578,71,7,1938161,21,33,14,
UTTAR PRADESH,Kanpur Dehat,16.056076897408293,3.087286072,131,4,2010692,16,0,0,
UTTAR PRADESH,Kanpur Nagar,16.037032577580113,4.873739494,112,1,4932257,20,5,3,
UTTAR PRADESH,Kasganj,15.101670082579261,11.48765717,45,3,1633713,26,27,7,
UTTAR PRADESH,Kaushambi,14.462724521248196,5.222408303,41,1,1981279,21,32,13,
UTTAR PRADESH,Kheri,17.48620569437293,6.940149845,146,6,4820329,16,58,27,
UTTAR PRADESH,Kushinagar,14.5257316692209,4.208451529,38,0,4300787,25,28,9,
UTTAR PRADESH,Lalitpur,12.22704290043755,0.008823081,35,4,1495673,25,27,7,
UTTAR PRADESH,Lucknow,16.858658560379418,1.989261918,175,10,5804005,17,52,24,
UTTAR PRADESH,Mahoba,12.917103678722318,0.238187011,35,1,1077440,26,26,7,
UTTAR PRADESH,Mahrajganj,14.2467026717813,3.253620339,36,0,3375140,27,26,7,
UTTAR PRADESH,Mainpuri,15.403048909170366,3.043030701,111,1,2193399,24,34,10,
UTTAR PRADESH,Mathura,16.360129491585603,4.807455013,115,5,3064227,23,35,10,
UTTAR PRADESH,Mau,14.344909064687036,4.546093825,50,0,2493398,24,29,10,
UTTAR PRADESH,Meerut,16.977844683490805,3.276470073,213,10,3877321,21,38,9,
UTTAR PRADESH,Mirzapur,16.08213687752855,2.685205968,206,0,3135271,21,47,17,
UTTAR PRADESH,Moradabad,16.170468649462784,3.838687956,200,1,3696840,22,37,9,
UTTAR PRADESH,Muzaffarnagar,16.43435970342118,1.48110915,146,13,3353539,21,42,15,
UTTAR PRADESH,Pilibhit,15.377845702339462,2.432470279,98,1,2398821,23,35,10,
UTTAR PRADESH,Pratapgarh,17.176322542772045,,,,,,51,18,flooded_area: ambiguous name; impact: ambiguous name
UTTAR PRADESH,Pratapgarh,16.61975366631914,,,,,,51,18,flooded_area: ambiguous name; impact: ambiguous name
UTTAR PRADESH,Prayagraj,18.06694088316479,8.027430678,277,5,7094453,18,56,20,
UTTAR PRADESH,Rae Bareli,14.578343910610434,5.186238472,45,0,2819588,30,35,14,
UTTAR PRADESH,Rampur,14.611820675964706,4.515924008,52,0,2830370,23,32,9,
UTTAR PRADESH,Saharanpur,17.04140679871483,2.685129434,215,9,4096003,23,36,8,
UTTAR PRADESH,Sambhal,15.160659531247893,2.00812794,46,10,2818198,23,30,10,
UTTAR PRADESH,Sant Kabir Nagar,14.638923672830568,5.995956962,48,1,1990205,23,31,12,
UTTAR PRADESH,Shahjahanpur,15.810738427976837,4.75687807,64,3,3533793,20,38,15,
UTTAR PRADESH,Shamli,14.024477523954967,1.857718186,44,3,1373173,26,27,7,
UTTAR PRADESH,Shrawasti,14.636054820548718,7.692700147,47,1,1390228,24,1,1,
UTTAR PRADESH,Siddharthnagar,9.72399035289081,13.38292044,0,0,3367475,1,32,11,
UTTAR PRADESH,Sitapur,17.504226814413553,3.375278206,177,11,5391584,13,69,41,
UTTAR PRADESH,Sonbhadra,13.056183216198006,0.064958232,50,0,2259539,24,29,10,
UTTAR PRADESH,Sultanpur,16.055801690738456,4.347300593,139,2,2509152,20,46,20,
UTTAR PRADESH,Unnao,16.230177745178764,3.512391774,97,4,3601532,18,45,22,
UTTAR PRADESH,Varanasi,17.20928123007672,3.716004426,363,5,4311285,18,55,16,
UTTARAKHAND,Almora,7.102979287602845,0.648573243,0,0,618943,,15,10,
UTTARAKHAND,Bageshwar,12.479758572738648,0.570769802,40,13,256564,2,10,10,
UTTARAKHAND,Chamoli,18.05798993917151,0.988526383,1546,75,426828,4,29,23,
UTTARAKHAND,Champawat,12.273131236919184,1.216386696,26,14,293584,2,6,6,
UTTARAKHAND,Dehradun,16.331394182480402,1.480749996,232,17,2132260,6,24,20,
UTTARAKHAND,Garhwal,14.763560782047266,0.318442467,171,7,727119,7,17,13,
UTTARAKHAND,Hardwar,12.275895813177403,1.875425679,15,0,2449262,6,0,0,
UTTARAKHAND,Nainital,14.17404358957349,0.749324062,91,6,1104668,3,13,9,
UTTARAKHAND,Pithoragarh,16.95882245057062,0.416580414,1636,21,510103,3,18,16,
UTTARAKHAND,Rudraprayag,16.76850435872075,1.403054602,1324,79,248925,2,18,18,
UTTARAKHAND,Tehri Garhwal,13.928911332831515,0.541041119,102,6,665938,2,21,19,
UTTARAKHAND,Udham Singh Nagar,12.813095833142514,1.276537668,26,3,2171345,2,0,0,
UTTARAKHAND,Uttarkashi,16.914467976234626,0.367760378,1373,25,410687,5,0,0,
WEST BENGAL,Alipurduar,12.287153516516197,4.039321623,19,0,1381430,5,0,0,
WEST BENGAL,Bankura,17.31955291994364,1.401768891,203,26,3957405,35,21,5,
WEST BENGAL,Birbhum,16.588413943958574,4.483276395,186,1,4082552,31,27,8,
WEST BENGAL,Cooch Behar,17.04587802487752,7.501454061,337,3,3286533,8,33,13,
WEST BENGAL,Dakshin Dinajpur,16.243608173190268,3.848386134,190,3,1838248,24,39,9,
WEST BENGAL,Darjiling,18.01898148587533,1.918361249,548,63,1849559,11,0,0,
WEST BENGAL,Hooghly,17.48618759234521,9.395681278,175,18,5689338,10,30,8,
WEST BENGAL,Howrah,16.963762846672328,19.56511981,170,8,4370011,9,28,10,
WEST BENGAL,Jalpaiguri,18.00303602720487,4.567777417,366,20,2766173,17,53,18,
WEST BENGAL,Jhargram,7.851960065827975,1.774765393,0,0,1247343,,0,0,
WEST BENGAL,Kalimpong,9.916650213959274,0.958398623,12,0,214033,6,4,2,
WEST BENGAL,Kolkata,15.957336198809111,1.85061619,262,79,2896202,3,72,18,
WEST BENGAL,Maldah,18.258130027039368,9.357035639,221,53,4260890,11,17,3,
WEST BENGAL,Medinipur West,17.869045637008952,7.812547948,294,10,5510554,10,0,0,
WEST BENGAL,Murshidabad,18.910883771379428,10.40453429,435,9,8350690,23,44,9,
WEST BENGAL,Nadia,17.534500094496988,9.926747682,230,3,5440236,24,36,10,
WEST BENGAL,North Twenty Four Pargan*,18.77053767455695,11.22559097,294,16,10544399,19,0,0,
WEST BENGAL,Paschim Bardhaman,14.167484802131149,1.733680898,117,0,3727296,13,0,0,
WEST BENGAL,Purba Bardhaman,15.321666311237394,8.544541925,45,0,4891157,34,10,1,
WEST BENGAL,Purba Medinipur,18.370425949562634,15.47685207,302,17,5760374,10,37,11,
WEST BENGAL,Puruliya,13.90934183977769,0.307955389,54,0,3407465,32,0,0,
WEST BENGAL,South Twenty Four Pargan*,15.125565011678852,9.52594778,30,0,12843801,17,0,0,
WEST BENGAL,Uttar Dinajpur,14.792902568137233,6.666541483,46,3,3289303,10,0,0,
