imd_id,dfo_id,districts_inside
UEI-IMD-FL-1990-0077,DFO-474,thenilgiris
UEI-IMD-FL-1992-0074,DFO-694,kanniyakumari
UEI-IMD-FL-1993-0065,DFO-798,coimbatore|thenilgiris
UEI-IMD-FL-1994-0105,DFO-909,chennai|madurai
UEI-IMD-FL-1997-0108,DFO-1295,chengalpattu|thanjavur|tiruchirappalli
UEI-IMD-FL-1997-0109,DFO-1295,ariyalur|chengalpattu|coimbatore|dharmapuri|dindigul|erode|kallakurichi|kancheepuram|kanniyakumari|karur|krishnagiri|madurai|namakkal|perambalur|pudukkottai|ramanathapuram|ranipet|salem|sivaganga|tenkasi|thanjavur|theni|thenilgiris|thiruvallur|thiruvarur|thoothukkudi|tiruchirappalli|tirunelveli|tirupathur|tiruppur|tiruvannamalai|vellore|viluppuram|virudhunagar
UEI-IMD-FL-2002-0055,DFO-1871,cuddalore|nagapattinam|pudukkottai|ramanathapuram|thanjavur|thiruvarur
UEI-IMD-FL-2002-0057,DFO-2081,perambalur|pudukkottai|thanjavur
UEI-IMD-FL-2005-0138,DFO-2758,ariyalur|chengalpattu|chennai|cuddalore|dharmapuri|dindigul|erode|kallakurichi|kancheepuram|karur|krishnagiri|madurai|namakkal|perambalur|pudukkottai|ramanathapuram|ranipet|salem|sivaganga|thanjavur|theni|thiruvallur|thiruvarur|tiruchirappalli|tirupathur|tiruppur|tiruvannamalai|vellore|viluppuram|virudhunagar
UEI-IMD-FL-2005-0139,DFO-2758,chennai|cuddalore|kancheepuram|pudukkottai|thanjavur|thiruvallur|tiruchirappalli|viluppuram
UEI-IMD-FL-2005-0141,DFO-2758,ariyalur|chengalpattu|chennai|cuddalore|dharmapuri|dindigul|erode|kallakurichi|kancheepuram|karur|krishnagiri|madurai|namakkal|perambalur|pudukkottai|ramanathapuram|ranipet|salem|sivaganga|thanjavur|theni|thiruvallur|thiruvarur|tiruchirappalli|tirupathur|tiruppur|tiruvannamalai|vellore|viluppuram|virudhunagar
UEI-IMD-FL-2005-0142,DFO-2758,chennai|kancheepuram|thiruvallur
UEI-IMD-FL-2005-0143,DFO-2758,thiruvallur
UEI-IMD-FL-2005-0144,DFO-2758,cuddalore|thiruvarur|tiruchirappalli
UEI-IMD-FL-2005-0145,DFO-2758,ramanathapuram|thanjavur|thiruvarur
UEI-IMD-FL-2006-0103,DFO-2985,chennai|viluppuram
UEI-IMD-FL-2007-0125,DFO-3217,cuddalore
UEI-IMD-FL-2007-0126,DFO-3217,chennai|kancheepuram|viluppuram
UEI-IMD-FL-2010-0128,DFO-3757,ariyalur|madurai|ramanathapuram|thanjavur|thoothukkudi
UEI-IMD-FL-2010-0130,DFO-3757,ariyalur|ramanathapuram|thanjavur|thoothukkudi
UEI-IMD-FL-2010-0131,DFO-3757,tirunelveli
UEI-IMD-FL-2012-0074,DFO-4001,vellore
UEI-IMD-FL-2015-0087,DFO-4251,pudukkottai
UEI-IMD-FL-2015-0092,DFO-4309,ariyalur|dharmapuri|karur|krishnagiri|namakkal|perambalur|salem|thanjavur|thiruvallur|thiruvarur|tiruchirappalli|tiruvannamalai
UEI-IMD-FL-2015-0093,DFO-4309,cuddalore|dharmapuri|thiruvallur|viluppuram
UEI-IMD-FL-2015-0094,DFO-4309,cuddalore|kancheepuram|krishnagiri|nagapattinam|pudukkottai|thiruvarur|tiruvannamalai|viluppuram
UEI-IMD-FL-2015-0095,DFO-4309,ariyalur|dharmapuri|karur|krishnagiri|namakkal|perambalur|salem|thanjavur|thiruvallur|thiruvarur|tiruchirappalli|tiruvannamalai
UEI-IMD-FL-2015-0096,DFO-4309,viluppuram
UEI-IMD-FL-2015-0097,DFO-4309,ariyalur|dharmapuri|karur|krishnagiri|namakkal|perambalur|salem|thanjavur|thiruvallur|thiruvarur|tiruchirappalli|tiruvannamalai
UEI-IMD-FL-2015-0098,DFO-4309,ariyalur|dharmapuri|karur|krishnagiri|namakkal|perambalur|salem|thanjavur|thiruvallur|thiruvarur|tiruchirappalli|tiruvannamalai
UEI-IMD-FL-2019-0135,DFO-4832,thanjavur
